date_val,calendar_year,calendar_month,calendar_day,day_of_week,is_weekday,is_workday,is_holiday,volume_A,volume_B,volume_C
2017-01-01,2017,1,1,1,0,0,1,974,701,574
2017-01-02,2017,1,2,2,1,0,0,5073,2976,3149
2017-01-03,2017,1,3,3,1,1,0,6710,4249,3595
2017-01-04,2017,1,4,4,1,1,0,5746,3942,3651
2017-01-05,2017,1,5,5,1,1,0,5863,4279,3792
2017-01-06,2017,1,6,6,1,1,0,5586,3956,3530
2017-01-07,2017,1,7,7,0,0,0,2187,1249,1203
2017-01-08,2017,1,8,1,0,0,0,2088,1235,1214
2017-01-09,2017,1,9,2,1,1,0,5337,3757,3214
2017-01-10,2017,1,10,3,1,1,0,5894,4178,3807
2017-01-11,2017,1,11,4,1,1,0,6054,3758,4010
2017-01-12,2017,1,12,5,1,1,0,5607,3956,4012
2017-01-13,2017,1,13,6,1,1,0,5816,4151,3161
2017-01-14,2017,1,14,7,0,0,0,1993,1412,1221
2017-01-15,2017,1,15,1,0,0,0,1920,1389,1286
2017-01-16,2017,1,16,2,1,1,0,5479,3343,3115
2017-01-17,2017,1,17,3,1,1,0,6354,3741,3970
2017-01-18,2017,1,18,4,1,1,0,6691,3823,3641
2017-01-19,2017,1,19,5,1,1,0,6366,4092,4006
2017-01-20,2017,1,20,6,1,1,0,5600,3446,3267
2017-01-21,2017,1,21,7,0,0,0,2265,1344,1234
2017-01-22,2017,1,22,1,0,0,0,2183,1426,1347
2017-01-23,2017,1,23,2,1,1,0,5646,3359,3229
2017-01-24,2017,1,24,3,1,1,0,6172,3991,3454
2017-01-25,2017,1,25,4,1,1,0,6665,3797,3419
2017-01-26,2017,1,26,5,1,1,0,5791,4269,3347
2017-01-27,2017,1,27,6,1,1,0,5772,4056,3251
2017-01-28,2017,1,28,7,0,0,0,2021,1389,1353
2017-01-29,2017,1,29,1,0,0,0,1948,1287,1218
2017-01-30,2017,1,30,2,1,1,0,5298,3584,3516
2017-01-31,2017,1,31,3,1,1,0,6224,4438,3497
2017-02-01,2017,2,1,4,1,1,0,6493,4226,3542
2017-02-02,2017,2,2,5,1,1,0,6339,4527,4017
2017-02-03,2017,2,3,6,1,1,0,5857,4206,3170
2017-02-04,2017,2,4,7,0,0,0,2206,1433,1301
2017-02-05,2017,2,5,1,0,0,0,2174,1340,1308
2017-02-06,2017,2,6,2,1,1,0,5675,4123,3244
2017-02-07,2017,2,7,3,1,1,0,5606,4605,3707
2017-02-08,2017,2,8,4,1,1,0,6289,4349,3974
2017-02-09,2017,2,9,5,1,1,0,6308,4683,3828
2017-02-10,2017,2,10,6,1,1,0,6015,4142,3495
2017-02-11,2017,2,11,7,0,0,0,2276,1325,1181
2017-02-12,2017,2,12,1,0,0,0,1930,1393,1170
2017-02-13,2017,2,13,2,1,1,0,5512,3595,3013
2017-02-14,2017,2,14,3,1,1,0,6525,3953,3595
2017-02-15,2017,2,15,4,1,1,0,6140,3933,3715
2017-02-16,2017,2,16,5,1,1,0,6666,4022,3596
2017-02-17,2017,2,17,6,1,1,0,6200,4260,3697
2017-02-18,2017,2,18,7,0,0,0,2251,1493,1163
2017-02-19,2017,2,19,1,0,0,0,1984,1527,1363
2017-02-20,2017,2,20,2,1,1,0,5337,3873,3044
2017-02-21,2017,2,21,3,1,1,0,5554,4440,3588
2017-02-22,2017,2,22,4,1,1,0,6178,4651,3475
2017-02-23,2017,2,23,5,1,1,0,6196,4519,3869
2017-02-24,2017,2,24,6,1,1,0,5531,4247,3765
2017-02-25,2017,2,25,7,0,0,0,1939,1318,1300
2017-02-26,2017,2,26,1,0,0,0,1995,1474,1264
2017-02-27,2017,2,27,2,1,1,0,6014,3993,2991
2017-02-28,2017,2,28,3,1,1,0,5999,4266,3362
2017-03-01,2017,3,1,4,1,1,0,5975,3686,4200
2017-03-02,2017,3,2,5,1,1,0,6377,4288,4273
2017-03-03,2017,3,3,6,1,1,0,5562,3937,3998
2017-03-04,2017,3,4,7,0,0,0,1958,1208,1320
2017-03-05,2017,3,5,1,0,0,0,1959,1301,1274
2017-03-06,2017,3,6,2,1,1,0,5500,3616,3392
2017-03-07,2017,3,7,3,1,1,0,6558,4412,3929
2017-03-08,2017,3,8,4,1,1,0,6435,4214,3790
2017-03-09,2017,3,9,5,1,1,0,5841,3726,4276
2017-03-10,2017,3,10,6,1,1,0,5499,4198,3403
2017-03-11,2017,3,11,7,0,0,0,2157,1348,1238
2017-03-12,2017,3,12,1,0,0,0,1862,1409,1430
2017-03-13,2017,3,13,2,1,1,0,5808,3796,3195
2017-03-14,2017,3,14,3,1,1,0,6536,4329,4137
2017-03-15,2017,3,15,4,1,1,0,6410,3773,3761
2017-03-16,2017,3,16,5,1,1,0,5691,4040,4011
2017-03-17,2017,3,17,6,1,1,0,5473,3619,3934
2017-03-18,2017,3,18,7,0,0,0,1918,1231,1448
2017-03-19,2017,3,19,1,0,0,0,1946,1207,1329
2017-03-20,2017,3,20,2,1,1,0,4962,3645,3636
2017-03-21,2017,3,21,3,1,1,0,6504,3822,4286
2017-03-22,2017,3,22,4,1,1,0,5607,4038,3563
2017-03-23,2017,3,23,5,1,1,0,6565,4110,3990
2017-03-24,2017,3,24,6,1,1,0,6065,3741,3637
2017-03-25,2017,3,25,7,0,0,0,2087,1195,1351
2017-03-26,2017,3,26,1,0,0,0,1989,1423,1316
2017-03-27,2017,3,27,2,1,1,0,5716,3559,3253
2017-03-28,2017,3,28,3,1,1,0,5775,4043,4281
2017-03-29,2017,3,29,4,1,1,0,6188,3759,3966
2017-03-30,2017,3,30,5,1,1,0,6600,3907,4196
2017-03-31,2017,3,31,6,1,1,0,6241,3887,3663
2017-04-01,2017,4,1,7,0,0,0,1821,1323,1271
2017-04-02,2017,4,2,1,0,0,0,1905,1356,1093
2017-04-03,2017,4,3,2,1,1,0,5309,3718,3041
2017-04-04,2017,4,4,3,1,1,0,6511,3433,3975
2017-04-05,2017,4,5,4,1,1,0,5689,3808,3838
2017-04-06,2017,4,6,5,1,1,0,5855,3650,3510
2017-04-07,2017,4,7,6,1,1,0,5812,3897,3711
2017-04-08,2017,4,8,7,0,0,0,1990,1309,1265
2017-04-09,2017,4,9,1,0,0,0,1883,1122,1082
2017-04-10,2017,4,10,2,1,1,0,5417,3730,3468
2017-04-11,2017,4,11,3,1,1,0,5835,4068,3947
2017-04-12,2017,4,12,4,1,1,0,5510,3957,3878
2017-04-13,2017,4,13,5,1,1,0,5482,4137,3460
2017-04-14,2017,4,14,6,1,1,0,5662,3380,3490
2017-04-15,2017,4,15,7,0,0,0,1736,1153,1174
2017-04-16,2017,4,16,1,0,0,0,2099,1194,1141
2017-04-17,2017,4,17,2,1,1,0,5734,3598,3311
2017-04-18,2017,4,18,3,1,1,0,5782,3906,3833
2017-04-19,2017,4,19,4,1,1,0,6457,3689,3765
2017-04-20,2017,4,20,5,1,1,0,6458,3978,3701
2017-04-21,2017,4,21,6,1,1,0,5735,3478,3568
2017-04-22,2017,4,22,7,0,0,0,1944,1293,1215
2017-04-23,2017,4,23,1,0,0,0,1929,1243,1181
2017-04-24,2017,4,24,2,1,1,0,5502,3659,3171
2017-04-25,2017,4,25,3,1,1,0,6114,3850,3674
2017-04-26,2017,4,26,4,1,1,0,5823,4017,3845
2017-04-27,2017,4,27,5,1,1,0,6350,3428,3877
2017-04-28,2017,4,28,6,1,1,0,5653,3245,3715
2017-04-29,2017,4,29,7,0,0,0,1879,1165,1234
2017-04-30,2017,4,30,1,0,0,0,1837,1232,1286
2017-05-01,2017,5,1,2,1,1,0,5721,3511,2909
2017-05-02,2017,5,2,3,1,1,0,5961,3495,3656
2017-05-03,2017,5,3,4,1,1,0,5492,4091,3175
2017-05-04,2017,5,4,5,1,1,0,6074,3879,3185
2017-05-05,2017,5,5,6,1,1,0,5930,3428,3568
2017-05-06,2017,5,6,7,0,0,0,2134,1361,1138
2017-05-07,2017,5,7,1,0,0,0,2053,1287,1145
2017-05-08,2017,5,8,2,1,1,0,5136,3729,3159
2017-05-09,2017,5,9,3,1,1,0,6452,3936,3640
2017-05-10,2017,5,10,4,1,1,0,6273,3791,3472
2017-05-11,2017,5,11,5,1,1,0,5845,4051,3118
2017-05-12,2017,5,12,6,1,1,0,5723,3357,3562
2017-05-13,2017,5,13,7,0,0,0,2073,1365,1218
2017-05-14,2017,5,14,1,0,0,0,2047,1328,1275
2017-05-15,2017,5,15,2,1,1,0,5735,3459,3156
2017-05-16,2017,5,16,3,1,1,0,6505,3683,3136
2017-05-17,2017,5,17,4,1,1,0,6390,3721,3760
2017-05-18,2017,5,18,5,1,1,0,5739,3477,3512
2017-05-19,2017,5,19,6,1,1,0,5194,3550,3080
2017-05-20,2017,5,20,7,0,0,0,2016,1309,1119
2017-05-21,2017,5,21,1,0,0,0,2050,1397,1117
2017-05-22,2017,5,22,2,1,1,0,5091,3303,2952
2017-05-23,2017,5,23,3,1,1,0,5684,3736,3312
2017-05-24,2017,5,24,4,1,1,0,5493,4129,3424
2017-05-25,2017,5,25,5,1,1,0,5756,3598,3505
2017-05-26,2017,5,26,6,1,1,0,5081,3593,3342
2017-05-27,2017,5,27,7,0,0,0,1985,1367,1083
2017-05-28,2017,5,28,1,0,0,0,1998,1301,1258
2017-05-29,2017,5,29,2,1,0,1,2405,1315,1265
2017-05-30,2017,5,30,3,1,1,0,5711,4146,3791
2017-05-31,2017,5,31,4,1,1,0,5482,4114,3659
2017-06-01,2017,6,1,5,1,1,0,5554,3926,3238
2017-06-02,2017,6,2,6,1,1,0,5204,3407,2974
2017-06-03,2017,6,3,7,0,0,0,1838,1334,1211
2017-06-04,2017,6,4,1,0,0,0,1785,1264,1122
2017-06-05,2017,6,5,2,1,1,0,5614,3183,3338
2017-06-06,2017,6,6,3,1,1,0,5875,3474,3462
2017-06-07,2017,6,7,4,1,1,0,5339,3488,3687
2017-06-08,2017,6,8,5,1,1,0,6267,3857,3284
2017-06-09,2017,6,9,6,1,1,0,5973,3215,3051
2017-06-10,2017,6,10,7,0,0,0,2022,1229,1077
2017-06-11,2017,6,11,1,0,0,0,2017,1100,1050
2017-06-12,2017,6,12,2,1,1,0,5756,3295,3183
2017-06-13,2017,6,13,3,1,1,0,5934,3593,3713
2017-06-14,2017,6,14,4,1,1,0,6342,3983,3252
2017-06-15,2017,6,15,5,1,1,0,5835,3687,3181
2017-06-16,2017,6,16,6,1,1,0,5389,3169,3191
2017-06-17,2017,6,17,7,0,0,0,1821,1332,1216
2017-06-18,2017,6,18,1,0,0,0,1901,1315,1162
2017-06-19,2017,6,19,2,1,1,0,5011,3003,3335
2017-06-20,2017,6,20,3,1,1,0,5874,3712,3594
2017-06-21,2017,6,21,4,1,1,0,5424,3756,3754
2017-06-22,2017,6,22,5,1,1,0,5685,3334,3251
2017-06-23,2017,6,23,6,1,1,0,5903,3644,3043
2017-06-24,2017,6,24,7,0,0,0,2022,1220,1075
2017-06-25,2017,6,25,1,0,0,0,2108,1145,1192
2017-06-26,2017,6,26,2,1,1,0,5691,3015,3325
2017-06-27,2017,6,27,3,1,1,0,6476,3381,3226
2017-06-28,2017,6,28,4,1,1,0,5580,3901,3327
2017-06-29,2017,6,29,5,1,1,0,5806,3542,3151
2017-06-30,2017,6,30,6,1,1,0,5485,3657,3377
2017-07-01,2017,7,1,7,0,0,0,1991,1364,1180
2017-07-02,2017,7,2,1,0,0,0,2147,1287,1294
2017-07-03,2017,7,3,2,1,1,0,5625,3819,3278
2017-07-04,2017,7,4,3,1,0,1,2867,1646,1516
2017-07-05,2017,7,5,4,1,1,0,6692,3570,3321
2017-07-06,2017,7,6,5,1,1,0,6756,3902,3792
2017-07-07,2017,7,7,6,1,1,0,5627,3348,3360
2017-07-08,2017,7,8,7,0,0,0,2113,1208,1210
2017-07-09,2017,7,9,1,0,0,0,2187,1247,1167
2017-07-10,2017,7,10,2,1,1,0,6095,3801,3564
2017-07-11,2017,7,11,3,1,1,0,6629,3498,3683
2017-07-12,2017,7,12,4,1,1,0,6216,3991,3311
2017-07-13,2017,7,13,5,1,1,0,6638,4010,3570
2017-07-14,2017,7,14,6,1,1,0,5970,3383,3173
2017-07-15,2017,7,15,7,0,0,0,2180,1247,1308
2017-07-16,2017,7,16,1,0,0,0,2222,1177,1287
2017-07-17,2017,7,17,2,1,1,0,5317,3637,3046
2017-07-18,2017,7,18,3,1,1,0,6088,3784,3435
2017-07-19,2017,7,19,4,1,1,0,5882,3501,3365
2017-07-20,2017,7,20,5,1,1,0,6583,3847,3283
2017-07-21,2017,7,21,6,1,1,0,6589,3705,3641
2017-07-22,2017,7,22,7,0,0,0,2252,1158,1311
2017-07-23,2017,7,23,1,0,0,0,1945,1349,1130
2017-07-24,2017,7,24,2,1,1,0,5904,3374,3360
2017-07-25,2017,7,25,3,1,1,0,6922,4036,3706
2017-07-26,2017,7,26,4,1,1,0,7220,4106,3574
2017-07-27,2017,7,27,5,1,1,0,5948,3892,3907
2017-07-28,2017,7,28,6,1,1,0,5969,3903,3240
2017-07-29,2017,7,29,7,0,0,0,2303,1349,1219
2017-07-30,2017,7,30,1,0,0,0,2160,1307,1121
2017-07-31,2017,7,31,2,1,1,0,5971,3562,3268
2017-08-01,2017,8,1,3,1,1,0,6027,3873,3249
2017-08-02,2017,8,2,4,1,1,0,5878,3663,3295
2017-08-03,2017,8,3,5,1,1,0,6649,3735,3522
2017-08-04,2017,8,4,6,1,1,0,5394,3170,3118
2017-08-05,2017,8,5,7,0,0,0,2138,1219,1255
2017-08-06,2017,8,6,1,0,0,0,1944,1176,1185
2017-08-07,2017,8,7,2,1,1,0,5425,3295,3095
2017-08-08,2017,8,8,3,1,1,0,6688,3898,3575
2017-08-09,2017,8,9,4,1,1,0,6390,3334,3331
2017-08-10,2017,8,10,5,1,1,0,6923,3353,3255
2017-08-11,2017,8,11,6,1,1,0,6445,3543,3359
2017-08-12,2017,8,12,7,0,0,0,2188,1252,1122
2017-08-13,2017,8,13,1,0,0,0,2036,1126,1103
2017-08-14,2017,8,14,2,1,1,0,5610,2902,2823
2017-08-15,2017,8,15,3,1,1,0,7000,3877,3496
2017-08-16,2017,8,16,4,1,1,0,7008,3687,3633
2017-08-17,2017,8,17,5,1,1,0,6606,3523,3120
2017-08-18,2017,8,18,6,1,1,0,6573,3090,3237
2017-08-19,2017,8,19,7,0,0,0,2428,1281,1091
2017-08-20,2017,8,20,1,0,0,0,2023,1200,1044
2017-08-21,2017,8,21,2,1,1,0,5603,3360,3058
2017-08-22,2017,8,22,3,1,1,0,6027,3761,3291
2017-08-23,2017,8,23,4,1,1,0,6089,3746,3002
2017-08-24,2017,8,24,5,1,1,0,6791,3502,3128
2017-08-25,2017,8,25,6,1,1,0,6205,3430,2816
2017-08-26,2017,8,26,7,0,0,0,2224,1205,1158
2017-08-27,2017,8,27,1,0,0,0,2234,1227,1129
2017-08-28,2017,8,28,2,1,1,0,6468,3135,3090
2017-08-29,2017,8,29,3,1,1,0,6762,3463,3470
2017-08-30,2017,8,30,4,1,1,0,7042,3267,3555
2017-08-31,2017,8,31,5,1,1,0,6589,3801,3399
2017-09-01,2017,9,1,6,1,1,0,6501,3158,3006
2017-09-02,2017,9,2,7,0,0,0,2247,1112,1068
2017-09-03,2017,9,3,1,0,0,0,2069,1138,1175
2017-09-04,2017,9,4,2,1,0,1,2826,1346,1231
2017-09-05,2017,9,5,3,1,1,0,7319,3722,3555
2017-09-06,2017,9,6,4,1,1,0,6774,3486,3044
2017-09-07,2017,9,7,5,1,1,0,7069,3642,3368
2017-09-08,2017,9,8,6,1,1,0,6627,3564,3367
2017-09-09,2017,9,9,7,0,0,0,2199,1088,995
2017-09-10,2017,9,10,1,0,0,0,2377,1103,1009
2017-09-11,2017,9,11,2,1,1,0,5821,3440,2720
2017-09-12,2017,9,12,3,1,1,0,7416,3564,3378
2017-09-13,2017,9,13,4,1,1,0,7332,3422,3587
2017-09-14,2017,9,14,5,1,1,0,6886,3817,3375
2017-09-15,2017,9,15,6,1,1,0,6847,3033,3301
2017-09-16,2017,9,16,7,0,0,0,2391,1122,1020
2017-09-17,2017,9,17,1,0,0,0,2153,1106,1130
2017-09-18,2017,9,18,2,1,1,0,6292,3338,3162
2017-09-19,2017,9,19,3,1,1,0,7625,3344,3339
2017-09-20,2017,9,20,4,1,1,0,6793,3562,3302
2017-09-21,2017,9,21,5,1,1,0,6559,3845,3457
2017-09-22,2017,9,22,6,1,1,0,7056,3250,3191
2017-09-23,2017,9,23,7,0,0,0,2298,1030,1080
2017-09-24,2017,9,24,1,0,0,0,2503,1099,1163
2017-09-25,2017,9,25,2,1,1,0,6160,3096,2924
2017-09-26,2017,9,26,3,1,1,0,6976,3650,3325
2017-09-27,2017,9,27,4,1,1,0,7776,3832,3530
2017-09-28,2017,9,28,5,1,1,0,6648,3307,3008
2017-09-29,2017,9,29,6,1,1,0,6307,3552,3277
2017-09-30,2017,9,30,7,0,0,0,2326,1210,1116
2017-10-01,2017,10,1,1,0,0,0,2662,1213,997
2017-10-02,2017,10,2,2,1,1,0,6818,3246,3090
2017-10-03,2017,10,3,3,1,1,0,7405,3613,3516
2017-10-04,2017,10,4,4,1,1,0,8028,3258,3356
2017-10-05,2017,10,5,5,1,1,0,7247,3534,3285
2017-10-06,2017,10,6,6,1,1,0,6605,3402,2762
2017-10-07,2017,10,7,7,0,0,0,2415,1260,1006
2017-10-08,2017,10,8,1,0,0,0,2552,1136,942
2017-10-09,2017,10,9,2,1,1,0,6560,3151,2969
2017-10-10,2017,10,10,3,1,1,0,7677,3187,2950
2017-10-11,2017,10,11,4,1,1,0,7181,3482,2898
2017-10-12,2017,10,12,5,1,1,0,7669,3181,3469
2017-10-13,2017,10,13,6,1,1,0,6361,3527,2779
2017-10-14,2017,10,14,7,0,0,0,2437,1080,1015
2017-10-15,2017,10,15,1,0,0,0,2314,1126,1144
2017-10-16,2017,10,16,2,1,1,0,6764,3258,2983
2017-10-17,2017,10,17,3,1,1,0,6753,3250,3064
2017-10-18,2017,10,18,4,1,1,0,7807,3668,2881
2017-10-19,2017,10,19,5,1,1,0,8007,3160,3335
2017-10-20,2017,10,20,6,1,1,0,6527,3083,3204
2017-10-21,2017,10,21,7,0,0,0,2434,1010,1080
2017-10-22,2017,10,22,1,0,0,0,2705,1047,1187
2017-10-23,2017,10,23,2,1,1,0,7177,3149,3129
2017-10-24,2017,10,24,3,1,1,0,7571,3796,3469
2017-10-25,2017,10,25,4,1,1,0,6967,3524,3037
2017-10-26,2017,10,26,5,1,1,0,6667,3339,3292
2017-10-27,2017,10,27,6,1,1,0,7589,3039,2778
2017-10-28,2017,10,28,7,0,0,0,2271,1116,1108
2017-10-29,2017,10,29,1,0,0,0,2723,1197,1050
2017-10-30,2017,10,30,2,1,1,0,6793,2904,2925
2017-10-31,2017,10,31,3,1,1,0,7596,3469,3363
2017-11-01,2017,11,1,4,1,1,0,6544,3517,2941
2017-11-02,2017,11,2,5,1,1,0,7892,3048,3317
2017-11-03,2017,11,3,6,1,1,0,6394,3037,2846
2017-11-04,2017,11,4,7,0,0,0,2494,1057,1173
2017-11-05,2017,11,5,1,0,0,0,2470,1210,1115
2017-11-06,2017,11,6,2,1,1,0,6600,3245,2977
2017-11-07,2017,11,7,3,1,1,0,7015,3163,3421
2017-11-08,2017,11,8,4,1,1,0,7889,3487,3123
2017-11-09,2017,11,9,5,1,1,0,7758,3095,3406
2017-11-10,2017,11,10,6,1,1,0,6215,3033,2868
2017-11-11,2017,11,11,7,0,0,0,2626,1183,1006
2017-11-12,2017,11,12,1,0,0,0,2225,1054,1174
2017-11-13,2017,11,13,2,1,1,0,6518,2851,2792
2017-11-14,2017,11,14,3,1,1,0,7357,3359,3517
2017-11-15,2017,11,15,4,1,1,0,7723,3588,2989
2017-11-16,2017,11,16,5,1,1,0,7909,3553,3065
2017-11-17,2017,11,17,6,1,1,0,7107,3191,3267
2017-11-18,2017,11,18,7,0,0,0,2333,1052,1123
2017-11-19,2017,11,19,1,0,0,0,2164,1156,989
2017-11-20,2017,11,20,2,1,1,0,7012,2978,2820
2017-11-21,2017,11,21,3,1,1,0,7510,3557,3192
2017-11-22,2017,11,22,4,1,1,0,7177,3025,3400
2017-11-23,2017,11,23,5,1,0,1,2926,1430,1288
2017-11-24,2017,11,24,6,1,0,0,6057,2554,2628
2017-11-25,2017,11,25,7,0,0,0,2324,1196,997
2017-11-26,2017,11,26,1,0,0,0,2343,1124,1009
2017-11-27,2017,11,27,2,1,1,0,6127,3074,2934
2017-11-28,2017,11,28,3,1,1,0,7095,3421,3296
2017-11-29,2017,11,29,4,1,1,0,7955,3570,3343
2017-11-30,2017,11,30,5,1,1,0,6646,3548,3266
2017-12-01,2017,12,1,6,1,1,0,6280,3183,3129
2017-12-02,2017,12,2,7,0,0,0,2489,1160,977
2017-12-03,2017,12,3,1,0,0,0,2653,1261,1200
2017-12-04,2017,12,4,2,1,1,0,6854,3001,2921
2017-12-05,2017,12,5,3,1,1,0,7158,3214,3102
2017-12-06,2017,12,6,4,1,1,0,6981,3649,3338
2017-12-07,2017,12,7,5,1,1,0,7867,3781,3202
2017-12-08,2017,12,8,6,1,1,0,6621,2960,3137
2017-12-09,2017,12,9,7,0,0,0,2308,1110,1057
2017-12-10,2017,12,10,1,0,0,0,2482,1097,1001
2017-12-11,2017,12,11,2,1,1,0,6399,3266,3123
2017-12-12,2017,12,12,3,1,1,0,7864,3671,3319
2017-12-13,2017,12,13,4,1,1,0,7519,3404,3427
2017-12-14,2017,12,14,5,1,1,0,7910,3719,2912
2017-12-15,2017,12,15,6,1,1,0,7024,3543,3071
2017-12-16,2017,12,16,7,0,0,0,2239,1136,965
2017-12-17,2017,12,17,1,0,0,0,2578,1215,1105
2017-12-18,2017,12,18,2,1,1,0,6224,3308,2875
2017-12-19,2017,12,19,3,1,1,0,7364,3784,3188
2017-12-20,2017,12,20,4,1,1,0,6702,3488,3367
2017-12-21,2017,12,21,5,1,1,0,7709,3361,3164
2017-12-22,2017,12,22,6,1,1,0,7243,3586,3323
2017-12-23,2017,12,23,7,0,0,0,2510,1161,1085
2017-12-24,2017,12,24,1,0,0,0,2586,1244,1165
2017-12-25,2017,12,25,2,1,0,1,2721,1166,1220
2017-12-26,2017,12,26,3,1,1,0,6699,3605,2911
2017-12-27,2017,12,27,4,1,1,0,7293,3635,3431
2017-12-28,2017,12,28,5,1,1,0,6951,3543,3376
2017-12-29,2017,12,29,6,1,1,0,7120,3044,2752
2017-12-30,2017,12,30,7,0,0,0,2469,1132,992
2017-12-31,2017,12,31,1,0,0,0,2565,1127,1081
2018-01-01,2018,1,1,2,1,0,1,3037,1603,1342
2018-01-02,2018,1,2,3,1,1,0,8646,3752,3712
2018-01-03,2018,1,3,4,1,1,0,8332,3770,4066
2018-01-04,2018,1,4,5,1,1,0,8488,4104,3529
2018-01-05,2018,1,5,6,1,1,0,7794,3906,3369
2018-01-06,2018,1,6,7,0,0,0,2977,1311,1201
2018-01-07,2018,1,7,1,0,0,0,2918,1438,1298
2018-01-08,2018,1,8,2,1,1,0,6796,3369,3699
2018-01-09,2018,1,9,3,1,1,0,8374,3845,4032
2018-01-10,2018,1,10,4,1,1,0,7712,4209,3491
2018-01-11,2018,1,11,5,1,1,0,8837,3930,4128
2018-01-12,2018,1,12,6,1,1,0,7799,4185,3235
2018-01-13,2018,1,13,7,0,0,0,2548,1349,1228
2018-01-14,2018,1,14,1,0,0,0,2519,1509,1392
2018-01-15,2018,1,15,2,1,1,0,7088,3314,3639
2018-01-16,2018,1,16,3,1,1,0,8750,4129,3744
2018-01-17,2018,1,17,4,1,1,0,8534,4226,4192
2018-01-18,2018,1,18,5,1,1,0,8201,3951,3665
2018-01-19,2018,1,19,6,1,1,0,7333,3483,3424
2018-01-20,2018,1,20,7,0,0,0,2583,1289,1316
2018-01-21,2018,1,21,1,0,0,0,2468,1320,1382
2018-01-22,2018,1,22,2,1,1,0,7169,3745,3504
2018-01-23,2018,1,23,3,1,1,0,7743,4362,3772
2018-01-24,2018,1,24,4,1,1,0,8634,3886,4010
2018-01-25,2018,1,25,5,1,1,0,9022,4214,3608
2018-01-26,2018,1,26,6,1,1,0,7947,3938,3740
2018-01-27,2018,1,27,7,0,0,0,2729,1418,1265
2018-01-28,2018,1,28,1,0,0,0,2890,1180,1116
2018-01-29,2018,1,29,2,1,1,0,7832,3410,3120
2018-01-30,2018,1,30,3,1,1,0,7985,4086,4048
2018-01-31,2018,1,31,4,1,1,0,7631,3782,4070
2018-02-01,2018,2,1,5,1,1,0,8462,3752,3986
2018-02-02,2018,2,2,6,1,1,0,7688,4007,3805
2018-02-03,2018,2,3,7,0,0,0,3161,1463,1343
2018-02-04,2018,2,4,1,0,0,0,2813,1365,1295
2018-02-05,2018,2,5,2,1,1,0,8014,3368,3380
2018-02-06,2018,2,6,3,1,1,0,8784,4267,3601
2018-02-07,2018,2,7,4,1,1,0,8169,4424,3405
2018-02-08,2018,2,8,5,1,1,0,8821,3955,3758
2018-02-09,2018,2,9,6,1,1,0,7491,3930,3334
2018-02-10,2018,2,10,7,0,0,0,2626,1466,1280
2018-02-11,2018,2,11,1,0,0,0,2678,1353,1381
2018-02-12,2018,2,12,2,1,1,0,8002,3571,3544
2018-02-13,2018,2,13,3,1,1,0,8432,4200,3712
2018-02-14,2018,2,14,4,1,1,0,8123,4019,4158
2018-02-15,2018,2,15,5,1,1,0,9477,4093,3904
2018-02-16,2018,2,16,6,1,1,0,7810,3974,4006
2018-02-17,2018,2,17,7,0,0,0,3105,1354,1342
2018-02-18,2018,2,18,1,0,0,0,3085,1508,1370
2018-02-19,2018,2,19,2,1,1,0,7563,3876,3864
2018-02-20,2018,2,20,3,1,1,0,7853,4801,4133
2018-02-21,2018,2,21,4,1,1,0,8833,4470,4039
2018-02-22,2018,2,22,5,1,1,0,7970,4818,3888
2018-02-23,2018,2,23,6,1,1,0,8710,4458,3513
2018-02-24,2018,2,24,7,0,0,0,3052,1620,1476
2018-02-25,2018,2,25,1,0,0,0,2673,1448,1517
2018-02-26,2018,2,26,2,1,1,0,7092,3981,4099
2018-02-27,2018,2,27,3,1,1,0,8979,4347,4106
2018-02-28,2018,2,28,4,1,1,0,7961,4343,4170
2018-03-01,2018,3,1,5,1,1,0,9599,4596,4211
2018-03-02,2018,3,2,6,1,1,0,8115,4791,4018
2018-03-03,2018,3,3,7,0,0,0,3043,1619,1289
2018-03-04,2018,3,4,1,0,0,0,2918,1374,1433
2018-03-05,2018,3,5,2,1,1,0,7793,4498,4023
2018-03-06,2018,3,6,3,1,1,0,9787,4773,4237
2018-03-07,2018,3,7,4,1,1,0,9132,4546,3968
2018-03-08,2018,3,8,5,1,1,0,9666,4519,3774
2018-03-09,2018,3,9,6,1,1,0,9321,4530,4198
2018-03-10,2018,3,10,7,0,0,0,2971,1610,1368
2018-03-11,2018,3,11,1,0,0,0,3414,1556,1427
2018-03-12,2018,3,12,2,1,1,0,7655,3875,3565
2018-03-13,2018,3,13,3,1,1,0,9203,4859,3899
2018-03-14,2018,3,14,4,1,1,0,8513,4257,4212
2018-03-15,2018,3,15,5,1,1,0,9539,4703,4172
2018-03-16,2018,3,16,6,1,1,0,9132,4049,3874
2018-03-17,2018,3,17,7,0,0,0,3119,1503,1376
2018-03-18,2018,3,18,1,0,0,0,2980,1534,1439
2018-03-19,2018,3,19,2,1,1,0,7941,3796,3512
2018-03-20,2018,3,20,3,1,1,0,9236,4999,4324
2018-03-21,2018,3,21,4,1,1,0,8758,4565,4308
2018-03-22,2018,3,22,5,1,1,0,8425,4537,4352
2018-03-23,2018,3,23,6,1,1,0,8332,4368,3927
2018-03-24,2018,3,24,7,0,0,0,3112,1552,1518
2018-03-25,2018,3,25,1,0,0,0,2917,1542,1486
2018-03-26,2018,3,26,2,1,1,0,7654,3971,3760
2018-03-27,2018,3,27,3,1,1,0,8415,4118,4114
2018-03-28,2018,3,28,4,1,1,0,8623,4643,4538
2018-03-29,2018,3,29,5,1,1,0,9802,4821,4227
2018-03-30,2018,3,30,6,1,1,0,8356,4371,3837
2018-03-31,2018,3,31,7,0,0,0,3324,1417,1496
2018-04-01,2018,4,1,1,0,0,0,2872,1381,1433
2018-04-02,2018,4,2,2,1,1,0,7175,3585,3592
2018-04-03,2018,4,3,3,1,1,0,7434,3938,3548
2018-04-04,2018,4,4,4,1,1,0,8630,4342,3519
2018-04-05,2018,4,5,5,1,1,0,8508,3943,3541
2018-04-06,2018,4,6,6,1,1,0,7723,3646,3856
2018-04-07,2018,4,7,7,0,0,0,2789,1407,1452
2018-04-08,2018,4,8,1,0,0,0,2545,1381,1410
2018-04-09,2018,4,9,2,1,1,0,7167,3628,3299
2018-04-10,2018,4,10,3,1,1,0,8608,4307,3860
2018-04-11,2018,4,11,4,1,1,0,7619,4332,3992
2018-04-12,2018,4,12,5,1,1,0,7666,4323,4014
2018-04-13,2018,4,13,6,1,1,0,8463,3930,3748
2018-04-14,2018,4,14,7,0,0,0,2910,1397,1375
2018-04-15,2018,4,15,1,0,0,0,2552,1376,1212
2018-04-16,2018,4,16,2,1,1,0,7049,4171,3722
2018-04-17,2018,4,17,3,1,1,0,8184,4411,4241
2018-04-18,2018,4,18,4,1,1,0,7422,4141,3597
2018-04-19,2018,4,19,5,1,1,0,7515,4256,3812
2018-04-20,2018,4,20,6,1,1,0,7969,3820,3544
2018-04-21,2018,4,21,7,0,0,0,2513,1425,1251
2018-04-22,2018,4,22,1,0,0,0,2548,1465,1432
2018-04-23,2018,4,23,2,1,1,0,7988,4145,3145
2018-04-24,2018,4,24,3,1,1,0,7869,4089,3511
2018-04-25,2018,4,25,4,1,1,0,7479,4132,4275
2018-04-26,2018,4,26,5,1,1,0,8001,4009,3860
2018-04-27,2018,4,27,6,1,1,0,7987,4423,3882
2018-04-28,2018,4,28,7,0,0,0,2664,1461,1192
2018-04-29,2018,4,29,1,0,0,0,2529,1318,1283
2018-04-30,2018,4,30,2,1,1,0,7075,3930,3828
2018-05-01,2018,5,1,3,1,1,0,8488,3813,3701
2018-05-02,2018,5,2,4,1,1,0,8087,3759,3360
2018-05-03,2018,5,3,5,1,1,0,7659,4074,3653
2018-05-04,2018,5,4,6,1,1,0,7265,4132,3200
2018-05-05,2018,5,5,7,0,0,0,2508,1313,1290
2018-05-06,2018,5,6,1,0,0,0,2744,1415,1122
2018-05-07,2018,5,7,2,1,1,0,7890,3605,3271
2018-05-08,2018,5,8,3,1,1,0,8781,3905,3690
2018-05-09,2018,5,9,4,1,1,0,7751,4304,3561
2018-05-10,2018,5,10,5,1,1,0,7797,4386,3830
2018-05-11,2018,5,11,6,1,1,0,7012,3587,3650
2018-05-12,2018,5,12,7,0,0,0,2479,1317,1307
2018-05-13,2018,5,13,1,0,0,0,2517,1386,1292
2018-05-14,2018,5,14,2,1,1,0,7510,3339,3319
2018-05-15,2018,5,15,3,1,1,0,8388,4216,3451
2018-05-16,2018,5,16,4,1,1,0,8297,3918,3686
2018-05-17,2018,5,17,5,1,1,0,8776,4245,3942
2018-05-18,2018,5,18,6,1,1,0,7195,3500,3289
2018-05-19,2018,5,19,7,0,0,0,2907,1332,1254
2018-05-20,2018,5,20,1,0,0,0,2547,1223,1279
2018-05-21,2018,5,21,2,1,1,0,6921,3524,3183
2018-05-22,2018,5,22,3,1,1,0,8259,3978,3436
2018-05-23,2018,5,23,4,1,1,0,7559,4219,3430
2018-05-24,2018,5,24,5,1,1,0,8570,4500,3498
2018-05-25,2018,5,25,6,1,1,0,7611,4067,3614
2018-05-26,2018,5,26,7,0,0,0,2415,1308,1295
2018-05-27,2018,5,27,1,0,0,0,2732,1428,1120
2018-05-28,2018,5,28,2,1,0,1,3426,1515,1348
2018-05-29,2018,5,29,3,1,1,0,7718,4112,4002
2018-05-30,2018,5,30,4,1,1,0,7626,3915,3827
2018-05-31,2018,5,31,5,1,1,0,8357,3811,3890
2018-06-01,2018,6,1,6,1,1,0,8336,3516,3715
2018-06-02,2018,6,2,7,0,0,0,2552,1442,1219
2018-06-03,2018,6,3,1,0,0,0,2756,1468,1283
2018-06-04,2018,6,4,2,1,1,0,7089,3522,3561
2018-06-05,2018,6,5,3,1,1,0,9198,4205,3497
2018-06-06,2018,6,6,4,1,1,0,9067,4450,3563
2018-06-07,2018,6,7,5,1,1,0,8823,4416,3440
2018-06-08,2018,6,8,6,1,1,0,8248,4043,3438
2018-06-09,2018,6,9,7,0,0,0,2862,1475,1306
2018-06-10,2018,6,10,1,0,0,0,2610,1309,1191
2018-06-11,2018,6,11,2,1,1,0,7845,3992,3202
2018-06-12,2018,6,12,3,1,1,0,9072,3917,3963
2018-06-13,2018,6,13,4,1,1,0,7755,4070,3738
2018-06-14,2018,6,14,5,1,1,0,7726,4400,3708
2018-06-15,2018,6,15,6,1,1,0,8080,4350,3511
2018-06-16,2018,6,16,7,0,0,0,2574,1379,1306
2018-06-17,2018,6,17,1,0,0,0,2859,1536,1295
2018-06-18,2018,6,18,2,1,1,0,7315,3950,3543
2018-06-19,2018,6,19,3,1,1,0,8644,4259,4006
2018-06-20,2018,6,20,4,1,1,0,8032,4427,3991
2018-06-21,2018,6,21,5,1,1,0,8153,4112,3394
2018-06-22,2018,6,22,6,1,1,0,7752,3757,3318
2018-06-23,2018,6,23,7,0,0,0,3023,1336,1222
2018-06-24,2018,6,24,1,0,0,0,2826,1557,1189
2018-06-25,2018,6,25,2,1,1,0,6905,3450,3432
2018-06-26,2018,6,26,3,1,1,0,7856,3861,3391
2018-06-27,2018,6,27,4,1,1,0,7763,4000,3515
2018-06-28,2018,6,28,5,1,1,0,8354,4398,3479
2018-06-29,2018,6,29,6,1,1,0,7290,4045,3221
2018-06-30,2018,6,30,7,0,0,0,2931,1221,1109
2018-07-01,2018,7,1,1,0,0,0,2807,1270,1317
2018-07-02,2018,7,2,2,1,1,0,7555,3636,3109
2018-07-03,2018,7,3,3,1,1,0,8219,4456,3394
2018-07-04,2018,7,4,4,1,0,1,3787,1893,1404
2018-07-05,2018,7,5,5,1,1,0,8851,4169,3656
2018-07-06,2018,7,6,6,1,1,0,7738,4008,3421
2018-07-07,2018,7,7,7,0,0,0,2811,1299,1277
2018-07-08,2018,7,8,1,0,0,0,2513,1260,1224
2018-07-09,2018,7,9,2,1,1,0,7261,3351,3388
2018-07-10,2018,7,10,3,1,1,0,9082,4411,3332
2018-07-11,2018,7,11,4,1,1,0,7868,4466,3408
2018-07-12,2018,7,12,5,1,1,0,8947,3951,3337
2018-07-13,2018,7,13,6,1,1,0,8007,3791,3176
2018-07-14,2018,7,14,7,0,0,0,2879,1482,1227
2018-07-15,2018,7,15,1,0,0,0,3073,1430,1239
2018-07-16,2018,7,16,2,1,1,0,7320,4077,3460
2018-07-17,2018,7,17,3,1,1,0,7680,4291,3909
2018-07-18,2018,7,18,4,1,1,0,8315,3826,4032
2018-07-19,2018,7,19,5,1,1,0,7843,4180,3566
2018-07-20,2018,7,20,6,1,1,0,8549,3767,3219
2018-07-21,2018,7,21,7,0,0,0,2817,1414,1294
2018-07-22,2018,7,22,1,0,0,0,3213,1478,1236
2018-07-23,2018,7,23,2,1,1,0,7990,3481,3039
2018-07-24,2018,7,24,3,1,1,0,8913,3885,3371
2018-07-25,2018,7,25,4,1,1,0,9282,4257,3412
2018-07-26,2018,7,26,5,1,1,0,9394,3733,3804
2018-07-27,2018,7,27,6,1,1,0,9025,3640,3697
2018-07-28,2018,7,28,7,0,0,0,2961,1358,1179
2018-07-29,2018,7,29,1,0,0,0,3078,1211,1256
2018-07-30,2018,7,30,2,1,1,0,7467,3342,3414
2018-07-31,2018,7,31,3,1,1,0,8843,3842,3753
2018-08-01,2018,8,1,4,1,1,0,8301,4260,3471
2018-08-02,2018,8,2,5,1,1,0,7951,3919,3955
2018-08-03,2018,8,3,6,1,1,0,8804,3846,3291
2018-08-04,2018,8,4,7,0,0,0,3091,1396,1191
2018-08-05,2018,8,5,1,0,0,0,2801,1342,1152
2018-08-06,2018,8,6,2,1,1,0,8220,3526,3046
2018-08-07,2018,8,7,3,1,1,0,8003,3876,3585
2018-08-08,2018,8,8,4,1,1,0,8939,4040,3920
2018-08-09,2018,8,9,5,1,1,0,8572,3949,3881
2018-08-10,2018,8,10,6,1,1,0,7839,4038,3760
2018-08-11,2018,8,11,7,0,0,0,2626,1247,1304
2018-08-12,2018,8,12,1,0,0,0,2906,1259,1106
2018-08-13,2018,8,13,2,1,1,0,7491,3190,3618
2018-08-14,2018,8,14,3,1,1,0,8763,4278,3946
2018-08-15,2018,8,15,4,1,1,0,8659,3848,3992
2018-08-16,2018,8,16,5,1,1,0,8430,3923,3860
2018-08-17,2018,8,17,6,1,1,0,7925,3346,3237
2018-08-18,2018,8,18,7,0,0,0,2620,1283,1262
2018-08-19,2018,8,19,1,0,0,0,2746,1310,1285
2018-08-20,2018,8,20,2,1,1,0,8130,3155,3487
2018-08-21,2018,8,21,3,1,1,0,7948,3572,3681
2018-08-22,2018,8,22,4,1,1,0,7832,3760,3989
2018-08-23,2018,8,23,5,1,1,0,9161,3702,3542
2018-08-24,2018,8,24,6,1,1,0,7787,3684,3223
2018-08-25,2018,8,25,7,0,0,0,2615,1274,1341
2018-08-26,2018,8,26,1,0,0,0,2869,1191,1165
2018-08-27,2018,8,27,2,1,1,0,6942,3228,3355
2018-08-28,2018,8,28,3,1,1,0,8368,3638,3987
2018-08-29,2018,8,29,4,1,1,0,8921,3763,3370
2018-08-30,2018,8,30,5,1,1,0,9023,3541,3899
2018-08-31,2018,8,31,6,1,1,0,8100,3572,3326
2018-09-01,2018,9,1,7,0,0,0,2634,1208,1239
2018-09-02,2018,9,2,1,0,0,0,2602,1318,1256
2018-09-03,2018,9,3,2,1,0,1,3030,1426,1342
2018-09-04,2018,9,4,3,1,1,0,8100,3467,3848
2018-09-05,2018,9,5,4,1,1,0,8141,3608,3863
2018-09-06,2018,9,6,5,1,1,0,8721,3745,3238
2018-09-07,2018,9,7,6,1,1,0,7402,3749,3719
2018-09-08,2018,9,8,7,0,0,0,2844,1367,1250
2018-09-09,2018,9,9,1,0,0,0,2711,1421,1129
2018-09-10,2018,9,10,2,1,1,0,7513,3331,2936
2018-09-11,2018,9,11,3,1,1,0,8304,3527,3961
2018-09-12,2018,9,12,4,1,1,0,7832,3556,3746
2018-09-13,2018,9,13,5,1,1,0,8762,4056,3296
2018-09-14,2018,9,14,6,1,1,0,7648,3999,3602
2018-09-15,2018,9,15,7,0,0,0,2730,1326,1269
2018-09-16,2018,9,16,1,0,0,0,2979,1341,1093
2018-09-17,2018,9,17,2,1,1,0,6958,3373,3184
2018-09-18,2018,9,18,3,1,1,0,8722,3643,4019
2018-09-19,2018,9,19,4,1,1,0,8669,3792,3422
2018-09-20,2018,9,20,5,1,1,0,7796,3765,3479
2018-09-21,2018,9,21,6,1,1,0,7704,3897,3414
2018-09-22,2018,9,22,7,0,0,0,2890,1232,1096
2018-09-23,2018,9,23,1,0,0,0,2829,1421,1330
2018-09-24,2018,9,24,2,1,1,0,8066,3741,3088
2018-09-25,2018,9,25,3,1,1,0,8136,3941,3633
2018-09-26,2018,9,26,4,1,1,0,8884,4406,3965
2018-09-27,2018,9,27,5,1,1,0,8494,3674,3807
2018-09-28,2018,9,28,6,1,1,0,7770,4112,3324
2018-09-29,2018,9,29,7,0,0,0,3136,1381,1173
2018-09-30,2018,9,30,1,0,0,0,2691,1264,1264
2018-10-01,2018,10,1,2,1,1,0,7618,3623,3374
2018-10-02,2018,10,2,3,1,1,0,7825,4196,3791
2018-10-03,2018,10,3,4,1,1,0,8392,3856,4206
2018-10-04,2018,10,4,5,1,1,0,8921,4119,3999
2018-10-05,2018,10,5,6,1,1,0,8325,3384,3374
2018-10-06,2018,10,6,7,0,0,0,2750,1267,1345
2018-10-07,2018,10,7,1,0,0,0,2620,1222,1224
2018-10-08,2018,10,8,2,1,1,0,7999,3618,3538
2018-10-09,2018,10,9,3,1,1,0,8159,4142,3732
2018-10-10,2018,10,10,4,1,1,0,8049,4100,3910
2018-10-11,2018,10,11,5,1,1,0,8551,3954,4314
2018-10-12,2018,10,12,6,1,1,0,8354,3406,3448
2018-10-13,2018,10,13,7,0,0,0,2533,1350,1441
2018-10-14,2018,10,14,1,0,0,0,2469,1191,1359
2018-10-15,2018,10,15,2,1,1,0,6849,3274,3613
2018-10-16,2018,10,16,3,1,1,0,7474,3900,3725
2018-10-17,2018,10,17,4,1,1,0,8874,4004,3727
2018-10-18,2018,10,18,5,1,1,0,8418,4148,4336
2018-10-19,2018,10,19,6,1,1,0,7244,3494,3945
2018-10-20,2018,10,20,7,0,0,0,2887,1269,1384
2018-10-21,2018,10,21,1,0,0,0,2803,1166,1320
2018-10-22,2018,10,22,2,1,1,0,7794,3743,3556
2018-10-23,2018,10,23,3,1,1,0,8180,3609,3651
2018-10-24,2018,10,24,4,1,1,0,8290,3875,4407
2018-10-25,2018,10,25,5,1,1,0,8608,3896,4296
2018-10-26,2018,10,26,6,1,1,0,8200,3694,4078
2018-10-27,2018,10,27,7,0,0,0,2500,1350,1518
2018-10-28,2018,10,28,1,0,0,0,2895,1373,1389
2018-10-29,2018,10,29,2,1,1,0,7104,3910,3389
2018-10-30,2018,10,30,3,1,1,0,8698,4314,4354
2018-10-31,2018,10,31,4,1,1,0,7890,4192,4431
2018-11-01,2018,11,1,5,1,1,0,8787,4453,3760
2018-11-02,2018,11,2,6,1,1,0,7632,3918,3804
2018-11-03,2018,11,3,7,0,0,0,2964,1359,1367
2018-11-04,2018,11,4,1,0,0,0,2818,1500,1253
2018-11-05,2018,11,5,2,1,1,0,7756,3663,3476
2018-11-06,2018,11,6,3,1,1,0,8086,4123,3489
2018-11-07,2018,11,7,4,1,1,0,8167,4035,3985
2018-11-08,2018,11,8,5,1,1,0,9201,4358,3864
2018-11-09,2018,11,9,6,1,1,0,8634,3698,3762
2018-11-10,2018,11,10,7,0,0,0,3017,1249,1311
2018-11-11,2018,11,11,1,0,0,0,3066,1459,1188
2018-11-12,2018,11,12,2,1,1,0,7138,3306,3345
2018-11-13,2018,11,13,3,1,1,0,9203,4085,3966
2018-11-14,2018,11,14,4,1,1,0,7775,3750,3590
2018-11-15,2018,11,15,5,1,1,0,9004,3959,3664
2018-11-16,2018,11,16,6,1,1,0,7849,3733,3493
2018-11-17,2018,11,17,7,0,0,0,3104,1277,1237
2018-11-18,2018,11,18,1,0,0,0,2795,1296,1234
2018-11-19,2018,11,19,2,1,1,0,7473,3811,3066
2018-11-20,2018,11,20,3,1,1,0,8889,4166,3940
2018-11-21,2018,11,21,4,1,1,0,8598,3768,3965
2018-11-22,2018,11,22,5,1,0,1,3270,1740,1714
2018-11-23,2018,11,23,6,1,0,0,6890,3399,3076
2018-11-24,2018,11,24,7,0,0,0,2680,1367,1326
2018-11-25,2018,11,25,1,0,0,0,2972,1368,1306
2018-11-26,2018,11,26,2,1,1,0,7839,3501,3183
2018-11-27,2018,11,27,3,1,1,0,7963,3724,3815
2018-11-28,2018,11,28,4,1,1,0,9183,4324,3901
2018-11-29,2018,11,29,5,1,1,0,7843,4330,3887
2018-11-30,2018,11,30,6,1,1,0,8302,3670,3233
2018-12-01,2018,12,1,7,0,0,0,3085,1216,1287
2018-12-02,2018,12,2,1,0,0,0,3037,1397,1228
2018-12-03,2018,12,3,2,1,1,0,8254,3806,3268
2018-12-04,2018,12,4,3,1,1,0,8031,4451,3405
2018-12-05,2018,12,5,4,1,1,0,8401,3812,3389
2018-12-06,2018,12,6,5,1,1,0,7958,3735,3654
2018-12-07,2018,12,7,6,1,1,0,7580,3586,3728
2018-12-08,2018,12,8,7,0,0,0,2872,1366,1345
2018-12-09,2018,12,9,1,0,0,0,2740,1363,1199
2018-12-10,2018,12,10,2,1,1,0,7957,3887,3027
2018-12-11,2018,12,11,3,1,1,0,9213,3662,3518
2018-12-12,2018,12,12,4,1,1,0,9403,4257,3620
2018-12-13,2018,12,13,5,1,1,0,9276,3627,3568
2018-12-14,2018,12,14,6,1,1,0,8725,3421,3716
2018-12-15,2018,12,15,7,0,0,0,2847,1350,1182
2018-12-16,2018,12,16,1,0,0,0,3147,1398,1250
2018-12-17,2018,12,17,2,1,1,0,8560,3522,2896
2018-12-18,2018,12,18,3,1,1,0,8389,4066,3555
2018-12-19,2018,12,19,4,1,1,0,9024,3882,3753
2018-12-20,2018,12,20,5,1,1,0,9565,3652,3853
2018-12-21,2018,12,21,6,1,1,0,8183,3490,3643
2018-12-22,2018,12,22,7,0,0,0,3098,1446,1165
2018-12-23,2018,12,23,1,0,0,0,2742,1262,1120
2018-12-24,2018,12,24,2,1,0,0,6153,3034,2781
2018-12-25,2018,12,25,3,1,0,1,3888,1903,1375
2018-12-26,2018,12,26,4,1,1,0,7909,4131,4016
2018-12-27,2018,12,27,5,1,1,0,8206,3915,3971
2018-12-28,2018,12,28,6,1,1,0,7708,4233,3333
2018-12-29,2018,12,29,7,0,0,0,2968,1482,1229
2018-12-30,2018,12,30,1,0,0,0,2654,1453,1173
2018-12-31,2018,12,31,2,1,1,0,8401,3674,3411
2019-01-01,2019,1,1,3,1,0,1,4194,1750,1959
2019-01-02,2019,1,2,4,1,1,0,10340,4682,3903
2019-01-03,2019,1,3,5,1,1,0,10062,4008,4314
2019-01-04,2019,1,4,6,1,1,0,9014,4550,4075
2019-01-05,2019,1,5,7,0,0,0,3259,1451,1327
2019-01-06,2019,1,6,1,0,0,0,3250,1342,1314
2019-01-07,2019,1,7,2,1,1,0,8202,3792,3859
2019-01-08,2019,1,8,3,1,1,0,8507,4357,4129
2019-01-09,2019,1,9,4,1,1,0,8568,4194,4538
2019-01-10,2019,1,10,5,1,1,0,9395,4220,3885
2019-01-11,2019,1,11,6,1,1,0,8177,3823,4270
2019-01-12,2019,1,12,7,0,0,0,3021,1492,1265
2019-01-13,2019,1,13,1,0,0,0,2877,1342,1464
2019-01-14,2019,1,14,2,1,1,0,8701,3616,3589
2019-01-15,2019,1,15,3,1,1,0,8715,4307,4248
2019-01-16,2019,1,16,4,1,1,0,8618,4560,4686
2019-01-17,2019,1,17,5,1,1,0,10280,4732,4085
2019-01-18,2019,1,18,6,1,1,0,9155,4357,4357
2019-01-19,2019,1,19,7,0,0,0,3419,1507,1263
2019-01-20,2019,1,20,1,0,0,0,2836,1559,1560
2019-01-21,2019,1,21,2,1,1,0,8998,3939,3624
2019-01-22,2019,1,22,3,1,1,0,10003,4468,4080
2019-01-23,2019,1,23,4,1,1,0,8618,4152,4437
2019-01-24,2019,1,24,5,1,1,0,9928,4146,4661
2019-01-25,2019,1,25,6,1,1,0,9305,3919,3682
2019-01-26,2019,1,26,7,0,0,0,2946,1530,1444
2019-01-27,2019,1,27,1,0,0,0,3510,1415,1428
2019-01-28,2019,1,28,2,1,1,0,8445,3721,3554
2019-01-29,2019,1,29,3,1,1,0,9197,4711,4451
2019-01-30,2019,1,30,4,1,1,0,8814,4756,4028
2019-01-31,2019,1,31,5,1,1,0,10322,4128,4592
2019-02-01,2019,2,1,6,1,1,0,9682,4009,4079
2019-02-02,2019,2,2,7,0,0,0,2882,1476,1497
2019-02-03,2019,2,3,1,0,0,0,3147,1377,1646
2019-02-04,2019,2,4,2,1,1,0,9112,4561,4360
2019-02-05,2019,2,5,3,1,1,0,9869,4510,4948
2019-02-06,2019,2,6,4,1,1,0,9900,5020,4751
2019-02-07,2019,2,7,5,1,1,0,8833,5098,4397
2019-02-08,2019,2,8,6,1,1,0,8597,4209,4668
2019-02-09,2019,2,9,7,0,0,0,2946,1636,1463
2019-02-10,2019,2,10,1,0,0,0,3106,1693,1655
2019-02-11,2019,2,11,2,1,1,0,7814,3872,3965
2019-02-12,2019,2,12,3,1,1,0,8662,5112,4369
2019-02-13,2019,2,13,4,1,1,0,10099,4570,4219
2019-02-14,2019,2,14,5,1,1,0,8563,4252,4963
2019-02-15,2019,2,15,6,1,1,0,8316,4213,4376
2019-02-16,2019,2,16,7,0,0,0,3346,1647,1606
2019-02-17,2019,2,17,1,0,0,0,3089,1396,1520
2019-02-18,2019,2,18,2,1,1,0,8209,3954,4437
2019-02-19,2019,2,19,3,1,1,0,8697,4450,4366
2019-02-20,2019,2,20,4,1,1,0,9279,4733,4292
2019-02-21,2019,2,21,5,1,1,0,8810,4522,4913
2019-02-22,2019,2,22,6,1,1,0,8932,4290,4050
2019-02-23,2019,2,23,7,0,0,0,3457,1450,1630
2019-02-24,2019,2,24,1,0,0,0,3247,1471,1485
2019-02-25,2019,2,25,2,1,1,0,9202,4484,3908
2019-02-26,2019,2,26,3,1,1,0,10019,4488,4302
2019-02-27,2019,2,27,4,1,1,0,8808,4639,4844
2019-02-28,2019,2,28,5,1,1,0,10027,5015,4230
2019-03-01,2019,3,1,6,1,1,0,9034,4529,4246
2019-03-02,2019,3,2,7,0,0,0,3221,1469,1492
2019-03-03,2019,3,3,1,0,0,0,3298,1509,1422
2019-03-04,2019,3,4,2,1,1,0,9405,4497,3973
2019-03-05,2019,3,5,3,1,1,0,9103,5015,4477
2019-03-06,2019,3,6,4,1,1,0,10344,5123,4013
2019-03-07,2019,3,7,5,1,1,0,9222,5120,4115
2019-03-08,2019,3,8,6,1,1,0,8910,4443,3840
2019-03-09,2019,3,9,7,0,0,0,3307,1609,1589
2019-03-10,2019,3,10,1,0,0,0,3449,1402,1310
2019-03-11,2019,3,11,2,1,1,0,9540,4180,4069
2019-03-12,2019,3,12,3,1,1,0,9498,4564,4180
2019-03-13,2019,3,13,4,1,1,0,10082,4366,4334
2019-03-14,2019,3,14,5,1,1,0,10231,4818,4678
2019-03-15,2019,3,15,6,1,1,0,8793,4589,3793
2019-03-16,2019,3,16,7,0,0,0,3539,1650,1565
2019-03-17,2019,3,17,1,0,0,0,3418,1678,1341
2019-03-18,2019,3,18,2,1,1,0,8566,4079,3856
2019-03-19,2019,3,19,3,1,1,0,10036,4288,4362
2019-03-20,2019,3,20,4,1,1,0,10474,5015,4263
2019-03-21,2019,3,21,5,1,1,0,9878,5152,4190
2019-03-22,2019,3,22,6,1,1,0,10095,4770,3920
2019-03-23,2019,3,23,7,0,0,0,3205,1600,1451
2019-03-24,2019,3,24,1,0,0,0,3360,1465,1436
2019-03-25,2019,3,25,2,1,1,0,8908,3791,4208
2019-03-26,2019,3,26,3,1,1,0,9503,5135,4696
2019-03-27,2019,3,27,4,1,1,0,8987,4673,4017
2019-03-28,2019,3,28,5,1,1,0,9708,4571,4283
2019-03-29,2019,3,29,6,1,1,0,9750,4016,3951
2019-03-30,2019,3,30,7,0,0,0,3201,1413,1561
2019-03-31,2019,3,31,1,0,0,0,3032,1470,1349
2019-04-01,2019,4,1,2,1,1,0,7706,4026,3680
2019-04-02,2019,4,2,3,1,1,0,9595,4035,4104
2019-04-03,2019,4,3,4,1,1,0,8227,4195,4678
2019-04-04,2019,4,4,5,1,1,0,8337,4602,4551
2019-04-05,2019,4,5,6,1,1,0,8629,4413,4136
2019-04-06,2019,4,6,7,0,0,0,2960,1652,1362
2019-04-07,2019,4,7,1,0,0,0,3058,1335,1449
2019-04-08,2019,4,8,2,1,1,0,7506,4189,4069
2019-04-09,2019,4,9,3,1,1,0,8322,4721,4443
2019-04-10,2019,4,10,4,1,1,0,8489,4862,4667
2019-04-11,2019,4,11,5,1,1,0,9624,4250,4491
2019-04-12,2019,4,12,6,1,1,0,8165,3814,4259
2019-04-13,2019,4,13,7,0,0,0,2916,1384,1466
2019-04-14,2019,4,14,1,0,0,0,3077,1429,1488
2019-04-15,2019,4,15,2,1,1,0,8527,4261,3616
2019-04-16,2019,4,16,3,1,1,0,9249,4372,4402
2019-04-17,2019,4,17,4,1,1,0,9119,4364,4012
2019-04-18,2019,4,18,5,1,1,0,9273,4405,4627
2019-04-19,2019,4,19,6,1,1,0,8803,3925,4150
2019-04-20,2019,4,20,7,0,0,0,3219,1316,1368
2019-04-21,2019,4,21,1,0,0,0,3346,1397,1425
2019-04-22,2019,4,22,2,1,1,0,8785,4050,3947
2019-04-23,2019,4,23,3,1,1,0,8822,4587,4420
2019-04-24,2019,4,24,4,1,1,0,8693,4110,3806
2019-04-25,2019,4,25,5,1,1,0,9781,4662,4373
2019-04-26,2019,4,26,6,1,1,0,7952,3928,3756
2019-04-27,2019,4,27,7,0,0,0,3079,1362,1453
2019-04-28,2019,4,28,1,0,0,0,2921,1366,1443
2019-04-29,2019,4,29,2,1,1,0,8383,4153,3475
2019-04-30,2019,4,30,3,1,1,0,9338,4710,4426
2019-05-01,2019,5,1,4,1,1,0,7784,4087,4246
2019-05-02,2019,5,2,5,1,1,0,7629,4712,3892
2019-05-03,2019,5,3,6,1,1,0,7291,3854,3943
2019-05-04,2019,5,4,7,0,0,0,2578,1509,1238
2019-05-05,2019,5,5,1,0,0,0,2620,1559,1435
2019-05-06,2019,5,6,2,1,1,0,8185,3908,3465
2019-05-07,2019,5,7,3,1,1,0,8743,4648,3711
2019-05-08,2019,5,8,4,1,1,0,9022,4343,4084
2019-05-09,2019,5,9,5,1,1,0,8797,4549,3991
2019-05-10,2019,5,10,6,1,1,0,8502,4355,3802
2019-05-11,2019,5,11,7,0,0,0,2733,1503,1222
2019-05-12,2019,5,12,1,0,0,0,2871,1368,1391
2019-05-13,2019,5,13,2,1,1,0,7415,3740,3476
2019-05-14,2019,5,14,3,1,1,0,7719,3978,4324
2019-05-15,2019,5,15,4,1,1,0,7991,4557,4386
2019-05-16,2019,5,16,5,1,1,0,8775,4587,4286
2019-05-17,2019,5,17,6,1,1,0,7291,4306,3662
2019-05-18,2019,5,18,7,0,0,0,2916,1400,1221
2019-05-19,2019,5,19,1,0,0,0,3120,1590,1294
2019-05-20,2019,5,20,2,1,1,0,8107,3717,3302
2019-05-21,2019,5,21,3,1,1,0,9222,4458,4192
2019-05-22,2019,5,22,4,1,1,0,8895,3917,4039
2019-05-23,2019,5,23,5,1,1,0,8441,4565,4388
2019-05-24,2019,5,24,6,1,1,0,7253,4208,3951
2019-05-25,2019,5,25,7,0,0,0,2999,1576,1431
2019-05-26,2019,5,26,1,0,0,0,2713,1328,1284
2019-05-27,2019,5,27,2,1,0,1,3593,1469,1775
2019-05-28,2019,5,28,3,1,1,0,8772,4562,4144
2019-05-29,2019,5,29,4,1,1,0,8764,3929,4046
2019-05-30,2019,5,30,5,1,1,0,8705,4121,3641
2019-05-31,2019,5,31,6,1,1,0,7745,4340,3476
2019-06-01,2019,6,1,7,0,0,0,3016,1437,1391
2019-06-02,2019,6,2,1,0,0,0,3168,1428,1528
2019-06-03,2019,6,3,2,1,1,0,7935,4046,3546
2019-06-04,2019,6,4,3,1,1,0,9134,4522,4151
2019-06-05,2019,6,5,4,1,1,0,9228,4701,3866
2019-06-06,2019,6,6,5,1,1,0,7970,4850,4365
2019-06-07,2019,6,7,6,1,1,0,8353,4384,3680
2019-06-08,2019,6,8,7,0,0,0,3044,1579,1349
2019-06-09,2019,6,9,1,0,0,0,2968,1425,1422
2019-06-10,2019,6,10,2,1,1,0,7639,3784,3950
2019-06-11,2019,6,11,3,1,1,0,8110,4420,4430
2019-06-12,2019,6,12,4,1,1,0,8503,4163,3872
2019-06-13,2019,6,13,5,1,1,0,8445,4774,3847
2019-06-14,2019,6,14,6,1,1,0,8556,4429,4284
2019-06-15,2019,6,15,7,0,0,0,2718,1471,1350
2019-06-16,2019,6,16,1,0,0,0,3095,1339,1538
2019-06-17,2019,6,17,2,1,1,0,8173,4131,3461
2019-06-18,2019,6,18,3,1,1,0,8043,4410,3733
2019-06-19,2019,6,19,4,1,1,0,7983,4788,4100
2019-06-20,2019,6,20,5,1,1,0,9366,4349,4034
2019-06-21,2019,6,21,6,1,1,0,8623,3926,3925
2019-06-22,2019,6,22,7,0,0,0,3193,1577,1373
2019-06-23,2019,6,23,1,0,0,0,2852,1560,1231
2019-06-24,2019,6,24,2,1,1,0,8542,4185,3884
2019-06-25,2019,6,25,3,1,1,0,8502,3964,3947
2019-06-26,2019,6,26,4,1,1,0,8658,4212,3889
2019-06-27,2019,6,27,5,1,1,0,8471,3927,4206
2019-06-28,2019,6,28,6,1,1,0,7963,4016,4113
2019-06-29,2019,6,29,7,0,0,0,2949,1397,1314
2019-06-30,2019,6,30,1,0,0,0,3049,1398,1439
2019-07-01,2019,7,1,2,1,1,0,7910,3877,3765
2019-07-02,2019,7,2,3,1,1,0,9293,4130,3847
2019-07-03,2019,7,3,4,1,1,0,8837,3703,4306
2019-07-04,2019,7,4,5,1,0,1,3994,1563,1633
2019-07-05,2019,7,5,6,1,1,0,7803,3625,3996
2019-07-06,2019,7,6,7,0,0,0,2718,1445,1390
2019-07-07,2019,7,7,1,0,0,0,2992,1383,1464
2019-07-08,2019,7,8,2,1,1,0,7458,3373,3720
2019-07-09,2019,7,9,3,1,1,0,9354,4127,3867
2019-07-10,2019,7,10,4,1,1,0,8987,4308,4163
2019-07-11,2019,7,11,5,1,1,0,8872,4312,3672
2019-07-12,2019,7,12,6,1,1,0,7701,4000,3509
2019-07-13,2019,7,13,7,0,0,0,3195,1426,1208
2019-07-14,2019,7,14,1,0,0,0,2826,1287,1277
2019-07-15,2019,7,15,2,1,1,0,8565,3449,3731
2019-07-16,2019,7,16,3,1,1,0,9472,4211,3817
2019-07-17,2019,7,17,4,1,1,0,8354,3880,3699
2019-07-18,2019,7,18,5,1,1,0,9311,3649,3975
2019-07-19,2019,7,19,6,1,1,0,8740,4163,3598
2019-07-20,2019,7,20,7,0,0,0,2770,1446,1407
2019-07-21,2019,7,21,1,0,0,0,2738,1462,1224
2019-07-22,2019,7,22,2,1,1,0,7305,3621,3735
2019-07-23,2019,7,23,3,1,1,0,9502,4337,4076
2019-07-24,2019,7,24,4,1,1,0,8634,4277,3858
2019-07-25,2019,7,25,5,1,1,0,9406,3856,3734
2019-07-26,2019,7,26,6,1,1,0,8217,3624,3650
2019-07-27,2019,7,27,7,0,0,0,2669,1338,1371
2019-07-28,2019,7,28,1,0,0,0,2640,1347,1464
2019-07-29,2019,7,29,2,1,1,0,8514,3588,3822
2019-07-30,2019,7,30,3,1,1,0,9562,3630,4236
2019-07-31,2019,7,31,4,1,1,0,8625,4300,4387
2019-08-01,2019,8,1,5,1,1,0,9020,4182,4276
2019-08-02,2019,8,2,6,1,1,0,8354,3477,3863
2019-08-03,2019,8,3,7,0,0,0,2579,1323,1439
2019-08-04,2019,8,4,1,0,0,0,2735,1248,1417
2019-08-05,2019,8,5,2,1,1,0,7126,3522,3904
2019-08-06,2019,8,6,3,1,1,0,9116,3944,3903
2019-08-07,2019,8,7,4,1,1,0,9086,3652,4141
2019-08-08,2019,8,8,5,1,1,0,8687,4279,4542
2019-08-09,2019,8,9,6,1,1,0,8460,3399,3987
2019-08-10,2019,8,10,7,0,0,0,2952,1311,1450
2019-08-11,2019,8,11,1,0,0,0,2660,1300,1309
2019-08-12,2019,8,12,2,1,1,0,7517,3266,3543
2019-08-13,2019,8,13,3,1,1,0,8257,3701,4482
2019-08-14,2019,8,14,4,1,1,0,9356,3746,4188
2019-08-15,2019,8,15,5,1,1,0,9152,3681,3860
2019-08-16,2019,8,16,6,1,1,0,8477,3456,3758
2019-08-17,2019,8,17,7,0,0,0,3051,1146,1371
2019-08-18,2019,8,18,1,0,0,0,3009,1267,1258
2019-08-19,2019,8,19,2,1,1,0,7228,3432,3455
2019-08-20,2019,8,20,3,1,1,0,9304,3798,4062
2019-08-21,2019,8,21,4,1,1,0,8128,3909,4490
2019-08-22,2019,8,22,5,1,1,0,9059,3607,3993
2019-08-23,2019,8,23,6,1,1,0,7871,3548,3842
2019-08-24,2019,8,24,7,0,0,0,2884,1327,1542
2019-08-25,2019,8,25,1,0,0,0,2796,1310,1408
2019-08-26,2019,8,26,2,1,1,0,7277,3263,3413
2019-08-27,2019,8,27,3,1,1,0,7483,4215,3911
2019-08-28,2019,8,28,4,1,1,0,8887,4338,4110
2019-08-29,2019,8,29,5,1,1,0,8699,4373,3896
2019-08-30,2019,8,30,6,1,1,0,8222,4031,3902
2019-08-31,2019,8,31,7,0,0,0,2858,1274,1299
2019-09-01,2019,9,1,1,0,0,0,2520,1289,1315
2019-09-02,2019,9,2,2,1,0,1,3068,1573,1438
2019-09-03,2019,9,3,3,1,1,0,8978,3966,3908
2019-09-04,2019,9,4,4,1,1,0,8471,3855,4310
2019-09-05,2019,9,5,5,1,1,0,9084,3959,4237
2019-09-06,2019,9,6,6,1,1,0,8494,4082,3558
2019-09-07,2019,9,7,7,0,0,0,3070,1482,1333
2019-09-08,2019,9,8,1,0,0,0,2708,1265,1266
2019-09-09,2019,9,9,2,1,1,0,7921,3833,3410
2019-09-10,2019,9,10,3,1,1,0,8471,4405,4071
2019-09-11,2019,9,11,4,1,1,0,7785,3904,4091
2019-09-12,2019,9,12,5,1,1,0,7950,4345,3847
2019-09-13,2019,9,13,6,1,1,0,8353,3478,3993
2019-09-14,2019,9,14,7,0,0,0,2588,1364,1260
2019-09-15,2019,9,15,1,0,0,0,2551,1364,1266
2019-09-16,2019,9,16,2,1,1,0,8155,3935,3378
2019-09-17,2019,9,17,3,1,1,0,8833,3875,4220
2019-09-18,2019,9,18,4,1,1,0,7905,4014,3886
2019-09-19,2019,9,19,5,1,1,0,8858,3731,3858
2019-09-20,2019,9,20,6,1,1,0,8023,4130,3982
2019-09-21,2019,9,21,7,0,0,0,2791,1310,1241
2019-09-22,2019,9,22,1,0,0,0,2933,1269,1326
2019-09-23,2019,9,23,2,1,1,0,7597,3196,3523
2019-09-24,2019,9,24,3,1,1,0,8885,3778,3602
2019-09-25,2019,9,25,4,1,1,0,7923,3778,3599
2019-09-26,2019,9,26,5,1,1,0,8217,3523,3930
2019-09-27,2019,9,27,6,1,1,0,7514,3595,3758
2019-09-28,2019,9,28,7,0,0,0,2968,1415,1227
2019-09-29,2019,9,29,1,0,0,0,2703,1280,1264
2019-09-30,2019,9,30,2,1,1,0,7442,3502,3292
2019-10-01,2019,10,1,3,1,1,0,9779,4023,4178
2019-10-02,2019,10,2,4,1,1,0,8594,3936,3451
2019-10-03,2019,10,3,5,1,1,0,9503,4122,4199
2019-10-04,2019,10,4,6,1,1,0,8596,3549,3519
2019-10-05,2019,10,5,7,0,0,0,2862,1404,1162
2019-10-06,2019,10,6,1,0,0,0,3096,1333,1162
2019-10-07,2019,10,7,2,1,1,0,8704,3401,3452
2019-10-08,2019,10,8,3,1,1,0,9102,4253,3808
2019-10-09,2019,10,9,4,1,1,0,8859,4236,4045
2019-10-10,2019,10,10,5,1,1,0,9795,3851,3794
2019-10-11,2019,10,11,6,1,1,0,7742,3945,3728
2019-10-12,2019,10,12,7,0,0,0,2920,1375,1163
2019-10-13,2019,10,13,1,0,0,0,2916,1279,1386
2019-10-14,2019,10,14,2,1,1,0,8247,3268,3533
2019-10-15,2019,10,15,3,1,1,0,9971,3549,3867
2019-10-16,2019,10,16,4,1,1,0,9357,3639,3584
2019-10-17,2019,10,17,5,1,1,0,9191,3886,3827
2019-10-18,2019,10,18,6,1,1,0,9481,3808,3526
2019-10-19,2019,10,19,7,0,0,0,2818,1406,1342
2019-10-20,2019,10,20,1,0,0,0,3206,1163,1294
2019-10-21,2019,10,21,2,1,1,0,7916,3202,3453
2019-10-22,2019,10,22,3,1,1,0,8957,3693,3565
2019-10-23,2019,10,23,4,1,1,0,8588,4134,3831
2019-10-24,2019,10,24,5,1,1,0,9089,3764,3814
2019-10-25,2019,10,25,6,1,1,0,8129,3698,3513
2019-10-26,2019,10,26,7,0,0,0,2799,1255,1136
2019-10-27,2019,10,27,1,0,0,0,3046,1275,1186
2019-10-28,2019,10,28,2,1,1,0,7752,3733,3462
2019-10-29,2019,10,29,3,1,1,0,9146,3987,4025
2019-10-30,2019,10,30,4,1,1,0,8333,3730,3922
2019-10-31,2019,10,31,5,1,1,0,8089,4359,4021
2019-11-01,2019,11,1,6,1,1,0,9110,4126,3228
2019-11-02,2019,11,2,7,0,0,0,3103,1358,1296
2019-11-03,2019,11,3,1,0,0,0,2851,1318,1173
2019-11-04,2019,11,4,2,1,1,0,8415,3650,3166
2019-11-05,2019,11,5,3,1,1,0,9490,3900,3945
2019-11-06,2019,11,6,4,1,1,0,9197,3798,3498
2019-11-07,2019,11,7,5,1,1,0,9344,4359,3951
2019-11-08,2019,11,8,6,1,1,0,8416,3762,3621
2019-11-09,2019,11,9,7,0,0,0,3216,1277,1137
2019-11-10,2019,11,10,1,0,0,0,2922,1325,1269
2019-11-11,2019,11,11,2,1,1,0,8269,4036,3435
2019-11-12,2019,11,12,3,1,1,0,9417,4177,3889
2019-11-13,2019,11,13,4,1,1,0,9441,4385,3353
2019-11-14,2019,11,14,5,1,1,0,9734,3843,3535
2019-11-15,2019,11,15,6,1,1,0,9222,4321,3786
2019-11-16,2019,11,16,7,0,0,0,3114,1436,1253
2019-11-17,2019,11,17,1,0,0,0,2637,1282,1316
2019-11-18,2019,11,18,2,1,1,0,8227,3653,3217
2019-11-19,2019,11,19,3,1,1,0,9596,4398,3501
2019-11-20,2019,11,20,4,1,1,0,9655,4558,3990
2019-11-21,2019,11,21,5,1,1,0,8915,3900,4043
2019-11-22,2019,11,22,6,1,1,0,8881,3666,3345
2019-11-23,2019,11,23,7,0,0,0,2900,1292,1213
2019-11-24,2019,11,24,1,0,0,0,3229,1308,1265
2019-11-25,2019,11,25,2,1,1,0,7766,4003,3091
2019-11-26,2019,11,26,3,1,1,0,9139,4557,3463
2019-11-27,2019,11,27,4,1,1,0,9571,4294,3778
2019-11-28,2019,11,28,5,1,0,1,3780,1760,1509
2019-11-29,2019,11,29,6,1,0,0,7183,3238,2809
2019-11-30,2019,11,30,7,0,0,0,3155,1249,1142
2019-12-01,2019,12,1,1,0,0,0,2942,1433,1337
2019-12-02,2019,12,2,2,1,1,0,7296,3252,3182
2019-12-03,2019,12,3,3,1,1,0,9387,3709,3540
2019-12-04,2019,12,4,4,1,1,0,8696,4329,4015
2019-12-05,2019,12,5,5,1,1,0,8479,3897,3609
2019-12-06,2019,12,6,6,1,1,0,7389,4178,3533
2019-12-07,2019,12,7,7,0,0,0,2818,1459,1264
2019-12-08,2019,12,8,1,0,0,0,3012,1238,1167
2019-12-09,2019,12,9,2,1,1,0,7260,3883,3439
2019-12-10,2019,12,10,3,1,1,0,8634,4326,3850
2019-12-11,2019,12,11,4,1,1,0,9037,4133,3514
2019-12-12,2019,12,12,5,1,1,0,8405,4028,3636
2019-12-13,2019,12,13,6,1,1,0,7621,4046,3791
2019-12-14,2019,12,14,7,0,0,0,2645,1222,1345
2019-12-15,2019,12,15,1,0,0,0,2823,1480,1315
2019-12-16,2019,12,16,2,1,1,0,8041,3781,3435
2019-12-17,2019,12,17,3,1,1,0,9309,4150,4118
2019-12-18,2019,12,18,4,1,1,0,7934,3689,4070
2019-12-19,2019,12,19,5,1,1,0,8424,4389,4140
2019-12-20,2019,12,20,6,1,1,0,7458,3769,3917
2019-12-21,2019,12,21,7,0,0,0,3034,1196,1244
2019-12-22,2019,12,22,1,0,0,0,2922,1462,1152
2019-12-23,2019,12,23,2,1,1,0,6996,3839,3446
2019-12-24,2019,12,24,3,1,0,0,7181,3212,3130
2019-12-25,2019,12,25,4,1,0,1,4050,1606,1546
2019-12-26,2019,12,26,5,1,1,0,8961,4151,4101
2019-12-27,2019,12,27,6,1,1,0,8362,3650,3661
2019-12-28,2019,12,28,7,0,0,0,2906,1298,1232
2019-12-29,2019,12,29,1,0,0,0,3024,1357,1349
2019-12-30,2019,12,30,2,1,1,0,7444,3690,3690
2019-12-31,2019,12,31,3,1,1,0,8324,3971,4062
